{"cameraMode":{"drawMode":0,"name":"Shaded","section":"Shading Mode"},"sceneLighting":true,"audioPlay":false,"sceneViewState":{"showFog":true,"showMaterialUpdate":false,"showSkybox":true,"showFlares":true,"showImageEffects":true,"showParticleSystems":true},"in2DMode":false,"pivot":{"x":19.623321533203126,"y":26.046314239501954,"z":16.873619079589845},"rotation":{"x":-0.17117059230804444,"y":-0.6908656358718872,"z":0.17375649511814118,"w":-0.680598258972168},"size":7.112861156463623,"orthographic":false}